FILENAME,ACQUISITION TIME,DAY OR NIGHT,MIN TEMPERATURE,MAX TEMPERATURE,MEAN TEMPERATURE,STD OF TEMPERATURE
clipped_day_MOD11B3.A2000032.h19v03.006.2015168203955.tif,2000-02-01,day,280.239990234375,283.239990234375,282.3079833984375,0.8399642705917358
-1,-1,-1,280.239990234375,283.239990234375,282.3079833984375,0.8399642705917358
clipped_day_MOD11B3.A2000061.h19v03.006.2015160141747.tif,2000-03-01,day,277.0199890136719,281.7799987792969,279.12664794921875,1.2011741399765015
clipped_day_MOD11B3.A2000092.h19v03.006.2015160141857.tif,2000-04-01,day,296.05999755859375,299.2799987792969,297.4333190917969,0.9332005381584167
clipped_day_MOD11B3.A2000122.h19v03.006.2015160142029.tif,2000-05-01,day,298.0199890136719,302.5799865722656,300.95330810546875,1.2168939113616943
clipped_day_MOD11B3.A2000153.h19v03.006.2015160142129.tif,2000-06-01,day,301.6000061035156,306.7599792480469,303.7599792480469,1.4259454011917114
clipped_day_MOD11B3.A2000183.h19v03.006.2015160142255.tif,2000-07-01,day,293.7599792480469,300.5,296.7986145019531,2.2902181148529053
clipped_day_MOD11B3.A2000214.h19v03.006.2015160142439.tif,2000-08-01,day,295.8399963378906,301.41998291015625,299.13067626953125,1.5651859045028687
clipped_day_MOD11B3.A2000245.h19v03.006.2015160142534.tif,2000-09-01,day,289.7599792480469,292.5199890136719,291.5320129394531,0.8058048486709595
clipped_day_MOD11B3.A2000275.h19v03.006.2015160142639.tif,2000-10-01,day,288.44000244140625,290.1000061035156,289.4319763183594,0.44113945960998535
clipped_day_MOD11B3.A2000306.h19v03.006.2015160142806.tif,2000-11-01,day,279.41998291015625,282.3599853515625,280.8572998046875,0.798022985458374
clipped_day_MOD11B3.A2000336.h19v03.006.2015160142907.tif,2000-12-01,day,275.41998291015625,277.2200012207031,276.4360046386719,0.45150116086006165
clipped_day_MOD11B3.A2001001.h19v03.006.2015160143037.tif,2001-01-01,day,272.6199951171875,274.0799865722656,273.3253173828125,0.43472155928611755
clipped_day_MOD11B3.A2001032.h19v03.006.2015160143134.tif,2001-02-01,day,272.41998291015625,277.1600036621094,274.78131103515625,1.3093191385269165
clipped_day_MOD11B3.A2001060.h19v03.006.2015160143303.tif,2001-03-01,day,278.8999938964844,282.1999816894531,280.8466796875,0.9905863404273987
clipped_day_MOD11B3.A2001091.h19v03.006.2015160143431.tif,2001-04-01,day,290.0400085449219,296.44000244140625,293.0133361816406,1.9311162233352661
clipped_day_MOD11B3.A2001121.h19v03.006.2015160143525.tif,2001-05-01,day,296.0,300.8999938964844,298.5626525878906,1.3845208883285522
clipped_day_MOD11B3.A2001152.h19v03.006.2015160143701.tif,2001-06-01,day,291.3599853515625,295.4599914550781,293.60931396484375,1.3087372779846191
clipped_day_MOD11B3.A2001182.h19v03.006.2015160143816.tif,2001-07-01,day,299.79998779296875,303.739990234375,301.83062744140625,1.2309083938598633
-1,-1,-1,299.79998779296875,303.739990234375,301.83062744140625,1.2309083938598633
clipped_day_MOD11B3.A2001213.h19v03.006.2015160143917.tif,2001-08-01,day,298.5,302.3999938964844,300.5786437988281,1.1038206815719604
clipped_day_MOD11B3.A2001244.h19v03.006.2015160144050.tif,2001-09-01,day,286.3599853515625,292.67999267578125,289.86663818359375,1.5212759971618652
clipped_day_MOD11B3.A2001274.h19v03.006.2015160144208.tif,2001-10-01,day,281.55999755859375,288.0199890136719,285.96002197265625,1.6598762273788452
clipped_day_MOD11B3.A2001305.h19v03.006.2015160144312.tif,2001-11-01,day,275.5199890136719,278.1600036621094,277.4373474121094,0.7658010125160217
clipped_day_MOD11B3.A2001335.h19v03.006.2015160144442.tif,2001-12-01,day,264.32000732421875,268.5199890136719,266.2346496582031,1.2349233627319336
clipped_day_MOD11B3.A2002001.h19v03.006.2015160144612.tif,2002-01-01,day,262.1600036621094,277.9599914550781,272.9266357421875,4.339903354644775
clipped_day_MOD11B3.A2002032.h19v03.006.2015160144711.tif,2002-02-01,day,276.8599853515625,279.0799865722656,278.2013244628906,0.6331082582473755
clipped_day_MOD11B3.A2002060.h19v03.006.2015160144844.tif,2002-03-01,day,283.239990234375,286.239990234375,284.5719909667969,0.8577421307563782
clipped_day_MOD11B3.A2002091.h19v03.006.2015160144938.tif,2002-04-01,day,287.4599914550781,292.6999816894531,289.9146423339844,1.4230413436889648
clipped_day_MOD11B3.A2002121.h19v03.006.2015160145102.tif,2002-05-01,day,299.0400085449219,302.79998779296875,300.8893127441406,1.04776132106781
clipped_day_MOD11B3.A2002152.h19v03.006.2015160145235.tif,2002-06-01,day,297.6399841308594,303.05999755859375,300.31463623046875,1.608518362045288
clipped_day_MOD11B3.A2002182.h19v03.006.2015160145339.tif,2002-07-01,day,301.0,305.739990234375,303.361328125,1.2665423154830933
clipped_day_MOD11B3.A2002213.h19v03.006.2015160145514.tif,2002-08-01,day,300.32000732421875,303.7200012207031,302.2760314941406,1.060340166091919
clipped_day_MOD11B3.A2002244.h19v03.006.2015160145903.tif,2002-09-01,day,293.8599853515625,296.91998291015625,295.4693298339844,0.8601667284965515
clipped_day_MOD11B3.A2002274.h19v03.006.2015162092011.tif,2002-10-01,day,282.5799865722656,286.55999755859375,284.9133605957031,1.1956532001495361
clipped_day_MOD11B3.A2002305.h19v03.006.2015164024757.tif,2002-11-01,day,276.79998779296875,279.6600036621094,278.2706604003906,0.7632544636726379
clipped_day_MOD11B3.A2002335.h19v03.006.2015167140610.tif,2002-12-01,day,261.8399963378906,265.05999755859375,263.57464599609375,0.7858883738517761
clipped_day_MOD11B3.A2003001.h19v03.006.2015182075432.tif,2003-01-01,day,265.7799987792969,269.91998291015625,267.982666015625,1.1489078998565674
clipped_day_MOD11B3.A2003032.h19v03.006.2015184015058.tif,2003-02-01,day,268.47998046875,270.6399841308594,269.6906433105469,0.6853481531143188
clipped_day_MOD11B3.A2003060.h19v03.006.2015187211147.tif,2003-03-01,day,280.6999816894531,283.7200012207031,282.2906494140625,0.7623468637466431
clipped_day_MOD11B3.A2003091.h19v03.006.2015195132841.tif,2003-04-01,day,289.8999938964844,294.3599853515625,292.2933349609375,1.339524269104004
clipped_day_MOD11B3.A2003121.h19v03.006.2015196220713.tif,2003-05-01,day,296.8599853515625,301.1000061035156,299.5706481933594,1.0997467041015625
clipped_day_MOD11B3.A2003152.h19v03.006.2015198043829.tif,2003-06-01,day,299.4599914550781,304.5199890136719,301.77996826171875,1.48976731300354
clipped_day_MOD11B3.A2003182.h19v03.006.2015202145449.tif,2003-07-01,day,299.82000732421875,304.29998779296875,302.4613037109375,1.4677023887634277
clipped_day_MOD11B3.A2003213.h19v03.006.2015204081020.tif,2003-08-01,day,297.1600036621094,301.8399963378906,299.9120178222656,1.5171680450439453
clipped_day_MOD11B3.A2003244.h19v03.006.2015205151508.tif,2003-09-01,day,291.55999755859375,295.05999755859375,293.4667053222656,1.1645605564117432
clipped_day_MOD11B3.A2003274.h19v03.006.2015207181048.tif,2003-10-01,day,279.1199951171875,280.739990234375,280.1133117675781,0.4922681748867035
clipped_day_MOD11B3.A2003305.h19v03.006.2015209120958.tif,2003-11-01,day,279.55999755859375,280.8999938964844,280.3546142578125,0.38167762756347656
clipped_day_MOD11B3.A2003335.h19v03.006.2015211013811.tif,2003-12-01,day,273.3399963378906,275.91998291015625,274.7746887207031,0.7436632513999939
clipped_day_MOD11B3.A2004001.h19v03.006.2015213002226.tif,2004-01-01,day,260.3800048828125,269.2200012207031,265.6866760253906,2.2458579540252686
clipped_day_MOD11B3.A2004032.h19v03.006.2015216221800.tif,2004-02-01,day,269.5,272.1399841308594,270.8399963378906,0.6674097180366516
clipped_day_MOD11B3.A2004061.h19v03.006.2015218011502.tif,2004-03-01,day,276.79998779296875,282.2599792480469,280.22265625,1.463308334350586
clipped_day_MOD11B3.A2004092.h19v03.006.2015219145030.tif,2004-04-01,day,289.67999267578125,293.7200012207031,291.7613220214844,1.1107128858566284
clipped_day_MOD11B3.A2004122.h19v03.006.2015220231734.tif,2004-05-01,day,292.1999816894531,296.94000244140625,294.5986328125,1.5019900798797607
clipped_day_MOD11B3.A2004153.h19v03.006.2015224032541.tif,2004-06-01,day,294.55999755859375,300.1600036621094,296.7986755371094,1.5106114149093628
clipped_day_MOD11B3.A2004183.h19v03.006.2015227142443.tif,2004-07-01,day,297.5199890136719,301.1000061035156,298.9639587402344,1.0080046653747559
clipped_day_MOD11B3.A2004214.h19v03.006.2015228190040.tif,2004-08-01,day,298.6999816894531,302.3599853515625,300.21197509765625,1.1950321197509766
clipped_day_MOD11B3.A2004245.h19v03.006.2015231151850.tif,2004-09-01,day,292.5199890136719,296.6199951171875,294.6360168457031,1.1295597553253174
clipped_day_MOD11B3.A2004275.h19v03.006.2015233155058.tif,2004-10-01,day,286.29998779296875,288.3800048828125,287.2106628417969,0.6640004515647888
clipped_day_MOD11B3.A2004306.h19v03.006.2015237230741.tif,2004-11-01,day,275.1399841308594,280.1600036621094,277.3946533203125,1.2749826908111572
clipped_day_MOD11B3.A2004336.h19v03.006.2015240192218.tif,2004-12-01,day,272.3599853515625,276.6399841308594,275.1524963378906,1.4051353931427002
clipped_day_MOD11B3.A2005001.h19v03.006.2015243150851.tif,2005-01-01,day,274.0,276.97998046875,275.5159912109375,0.7898055911064148
clipped_day_MOD11B3.A2005032.h19v03.006.2015244183521.tif,2005-02-01,day,266.5199890136719,269.2200012207031,267.86663818359375,0.6589983701705933
clipped_day_MOD11B3.A2005060.h19v03.006.2015246163539.tif,2005-03-01,day,277.1999816894531,282.739990234375,279.57464599609375,1.595971703529358
clipped_day_MOD11B3.A2005091.h19v03.006.2015248154134.tif,2005-04-01,day,290.239990234375,293.67999267578125,291.8586730957031,0.8934550881385803
clipped_day_MOD11B3.A2005121.h19v03.006.2015252170612.tif,2005-05-01,day,296.5,301.1199951171875,298.7706604003906,1.4637655019760132
clipped_day_MOD11B3.A2005152.h19v03.006.2015254205226.tif,2005-06-01,day,298.0799865722656,303.94000244140625,300.47467041015625,1.7283015251159668
clipped_day_MOD11B3.A2005182.h19v03.006.2015256153005.tif,2005-07-01,day,300.32000732421875,305.7799987792969,303.5266418457031,1.536394715309143
clipped_day_MOD11B3.A2005213.h19v03.006.2015258205103.tif,2005-08-01,day,298.6999816894531,302.94000244140625,300.6666259765625,1.0794295072555542
clipped_day_MOD11B3.A2005244.h19v03.006.2015262020542.tif,2005-09-01,day,296.1399841308594,298.8999938964844,297.6693420410156,0.7286834120750427
clipped_day_MOD11B3.A2005274.h19v03.006.2015265175959.tif,2005-10-01,day,286.6399841308594,288.7200012207031,287.6879577636719,0.5730314254760742
clipped_day_MOD11B3.A2005305.h19v03.006.2015268164035.tif,2005-11-01,day,276.91998291015625,279.29998779296875,278.1893005371094,0.67771977186203
clipped_day_MOD11B3.A2005335.h19v03.006.2015271023613.tif,2005-12-01,day,-1.0,-1.0,-1.0,-1.0
clipped_day_MOD11B3.A2006001.h19v03.006.2015274075535.tif,2006-01-01,day,258.0799865722656,261.4599914550781,259.4959716796875,1.056739330291748
clipped_day_MOD11B3.A2006032.h19v03.006.2015278230613.tif,2006-02-01,day,265.8999938964844,271.2599792480469,268.2786560058594,1.258663535118103
clipped_day_MOD11B3.A2006060.h19v03.006.2015286185644.tif,2006-03-01,day,273.55999755859375,277.9599914550781,275.73333740234375,1.3658040761947632
clipped_day_MOD11B3.A2006091.h19v03.006.2015289041608.tif,2006-04-01,day,288.6600036621094,293.32000732421875,290.96533203125,1.2518669366836548
clipped_day_MOD11B3.A2006121.h19v03.006.2015292000102.tif,2006-05-01,day,295.0,298.8599853515625,296.8880310058594,1.2673076391220093
clipped_day_MOD11B3.A2006152.h19v03.006.2015294013501.tif,2006-06-01,day,298.8399963378906,304.32000732421875,300.9493103027344,1.300912618637085
clipped_day_MOD11B3.A2006182.h19v03.006.2015295105206.tif,2006-07-01,day,304.1000061035156,309.41998291015625,306.4613342285156,1.486818552017212
clipped_day_MOD11B3.A2006213.h19v03.006.2015299195930.tif,2006-08-01,day,294.0,300.1999816894531,297.0866394042969,1.6246341466903687
clipped_day_MOD11B3.A2006244.h19v03.006.2015300192326.tif,2006-09-01,day,294.47998046875,297.3399963378906,295.6600036621094,0.7847554087638855
clipped_day_MOD11B3.A2006274.h19v03.006.2015302085403.tif,2006-10-01,day,284.8999938964844,287.1399841308594,286.1959533691406,0.6893162727355957
clipped_day_MOD11B3.A2006305.h19v03.006.2015304135702.tif,2006-11-01,day,279.3599853515625,282.91998291015625,281.2946472167969,1.0710147619247437
clipped_day_MOD11B3.A2006335.h19v03.006.2015307064126.tif,2006-12-01,day,276.3399963378906,279.3599853515625,278.21197509765625,0.8741576671600342
clipped_day_MOD11B3.A2007001.h19v03.006.2015309180854.tif,2007-01-01,day,271.6199951171875,276.82000732421875,274.2786865234375,1.1412853002548218
clipped_day_MOD11B3.A2007032.h19v03.006.2015310235348.tif,2007-02-01,day,269.4599914550781,272.94000244140625,271.8919982910156,0.7895240187644958
clipped_day_MOD11B3.A2007060.h19v03.006.2015312114243.tif,2007-03-01,day,286.1399841308594,289.41998291015625,287.7173156738281,0.979193389415741
clipped_day_MOD11B3.A2007091.h19v03.006.2015314212831.tif,2007-04-01,day,290.79998779296875,295.41998291015625,292.6373291015625,1.1025503873825073
clipped_day_MOD11B3.A2007121.h19v03.006.2015317172138.tif,2007-05-01,day,298.1399841308594,301.8399963378906,299.6653137207031,1.080287218093872
clipped_day_MOD11B3.A2007152.h19v03.006.2015318215458.tif,2007-06-01,day,298.7599792480469,303.97998046875,301.5199890136719,1.8450361490249634
clipped_day_MOD11B3.A2007182.h19v03.006.2015321044119.tif,2007-07-01,day,301.7599792480469,306.94000244140625,303.81866455078125,1.5314770936965942
clipped_day_MOD11B3.A2007213.h19v03.006.2015322142527.tif,2007-08-01,day,297.0,301.239990234375,298.9466857910156,1.4175597429275513
clipped_day_MOD11B3.A2007244.h19v03.006.2015324043031.tif,2007-09-01,day,290.3999938964844,293.1000061035156,291.88531494140625,0.727755069732666
clipped_day_MOD11B3.A2007274.h19v03.006.2015328131156.tif,2007-10-01,day,284.79998779296875,287.3599853515625,285.9293212890625,0.7156813144683838
clipped_day_MOD11B3.A2007305.h19v03.006.2015328140534.tif,2007-11-01,day,274.8800048828125,277.82000732421875,276.3826904296875,0.8507556319236755
clipped_day_MOD11B3.A2007335.h19v03.006.2015330011620.tif,2007-12-01,day,-1.0,-1.0,-1.0,-1.0
clipped_day_MOD11B3.A2008001.h19v03.006.2015338144031.tif,2008-01-01,day,269.6199951171875,275.2200012207031,273.5559997558594,1.3152495622634888
clipped_day_MOD11B3.A2008032.h19v03.006.2015341155200.tif,2008-02-01,day,275.5799865722656,278.3800048828125,276.48797607421875,0.8458787202835083
clipped_day_MOD11B3.A2008061.h19v03.006.2015344073904.tif,2008-03-01,day,280.0799865722656,284.44000244140625,282.6133117675781,1.0704967975616455
clipped_day_MOD11B3.A2008092.h19v03.006.2015349041020.tif,2008-04-01,day,289.97998046875,294.0199890136719,291.7106628417969,1.0730633735656738
clipped_day_MOD11B3.A2008122.h19v03.006.2015350094626.tif,2008-05-01,day,294.29998779296875,298.6399841308594,296.2253112792969,1.0968680381774902
clipped_day_MOD11B3.A2008153.h19v03.006.2015351094558.tif,2008-06-01,day,300.17999267578125,304.3800048828125,301.6653137207031,1.3068716526031494
clipped_day_MOD11B3.A2008183.h19v03.006.2015357182233.tif,2008-07-01,day,298.94000244140625,304.2599792480469,301.2613220214844,1.7052114009857178
clipped_day_MOD11B3.A2008214.h19v03.006.2015357195413.tif,2008-08-01,day,297.44000244140625,300.5799865722656,299.1466369628906,0.9649733901023865
clipped_day_MOD11B3.A2008245.h19v03.006.2015357223734.tif,2008-09-01,day,292.3800048828125,297.1600036621094,294.55328369140625,1.3494040966033936
clipped_day_MOD11B3.A2008275.h19v03.006.2015362010851.tif,2008-10-01,day,285.3800048828125,287.7200012207031,286.7959899902344,0.7614083290100098
clipped_day_MOD11B3.A2008306.h19v03.006.2015364131659.tif,2008-11-01,day,278.5199890136719,281.67999267578125,280.4132995605469,0.8951919078826904
clipped_day_MOD11B3.A2008336.h19v03.006.2016004221949.tif,2008-12-01,day,275.6399841308594,279.5400085449219,277.52667236328125,1.3402645587921143
clipped_day_MOD11B3.A2009001.h19v03.006.2016006042700.tif,2009-01-01,day,262.6199951171875,267.7799987792969,264.95733642578125,1.3761749267578125
clipped_day_MOD11B3.A2009032.h19v03.006.2016007100944.tif,2009-02-01,day,270.9599914550781,274.9599914550781,272.8906555175781,1.268317699432373
clipped_day_MOD11B3.A2009060.h19v03.006.2016008193123.tif,2009-03-01,day,280.1199951171875,283.3999938964844,281.6919860839844,0.8222180604934692
clipped_day_MOD11B3.A2009091.h19v03.006.2016011181503.tif,2009-04-01,day,292.67999267578125,295.7799987792969,294.4639892578125,0.858285129070282
clipped_day_MOD11B3.A2009121.h19v03.006.2016013134507.tif,2009-05-01,day,294.32000732421875,299.9599914550781,297.6693420410156,1.5370941162109375
clipped_day_MOD11B3.A2009152.h19v03.006.2016019182354.tif,2009-06-01,day,294.82000732421875,299.3800048828125,296.7947082519531,1.595181941986084
clipped_day_MOD11B3.A2009182.h19v03.006.2016019195237.tif,2009-07-01,day,297.2599792480469,301.3999938964844,299.3212890625,1.3853434324264526
clipped_day_MOD11B3.A2009213.h19v03.006.2016020010840.tif,2009-08-01,day,296.0199890136719,300.41998291015625,298.35198974609375,1.3410760164260864
clipped_day_MOD11B3.A2009244.h19v03.006.2016021120923.tif,2009-09-01,day,292.8599853515625,296.44000244140625,294.7733459472656,0.9039966464042664
clipped_day_MOD11B3.A2009274.h19v03.006.2016023051601.tif,2009-10-01,day,278.6199951171875,286.6999816894531,283.09600830078125,2.026991605758667
clipped_day_MOD11B3.A2009305.h19v03.006.2016024035656.tif,2009-11-01,day,276.1600036621094,279.3599853515625,278.38134765625,0.8896842002868652
clipped_day_MOD11B3.A2009335.h19v03.006.2016024225311.tif,2009-12-01,day,271.41998291015625,276.17999267578125,274.4306640625,1.2749682664871216
clipped_day_MOD11B3.A2010001.h19v03.006.2016034220707.tif,2010-01-01,day,256.2200012207031,260.1399841308594,258.3826599121094,1.0177305936813354
clipped_day_MOD11B3.A2010032.h19v03.006.2016034233813.tif,2010-02-01,day,270.41998291015625,273.7200012207031,271.90264892578125,0.8820860981941223
clipped_day_MOD11B3.A2010060.h19v03.006.2016035011812.tif,2010-03-01,day,277.9599914550781,280.7200012207031,279.38134765625,0.7430563569068909
clipped_day_MOD11B3.A2010091.h19v03.006.2016035084853.tif,2010-04-01,day,289.32000732421875,293.8999938964844,291.30401611328125,1.089689016342163
clipped_day_MOD11B3.A2010121.h19v03.006.2016039155820.tif,2010-05-01,day,291.3800048828125,297.1600036621094,295.00799560546875,1.3901689052581787
clipped_day_MOD11B3.A2010152.h19v03.006.2016040212538.tif,2010-06-01,day,297.5400085449219,303.2200012207031,300.3986511230469,1.7467907667160034
clipped_day_MOD11B3.A2010182.h19v03.006.2016041233049.tif,2010-07-01,day,302.8800048828125,308.05999755859375,305.2786560058594,1.4356670379638672
clipped_day_MOD11B3.A2010213.h19v03.006.2016043003459.tif,2010-08-01,day,297.94000244140625,302.2200012207031,299.638671875,1.3909523487091064
clipped_day_MOD11B3.A2010244.h19v03.006.2016044170650.tif,2010-09-01,day,289.7799987792969,293.0199890136719,291.49200439453125,0.9737002849578857
clipped_day_MOD11B3.A2010274.h19v03.006.2016045213718.tif,2010-10-01,day,283.2599792480469,285.55999755859375,284.2066650390625,0.6293575763702393
clipped_day_MOD11B3.A2010305.h19v03.006.2016047024114.tif,2010-11-01,day,275.6399841308594,284.0799865722656,281.1826477050781,2.4535915851593018
clipped_day_MOD11B3.A2010335.h19v03.006.2016048161956.tif,2010-12-01,day,261.41998291015625,265.0,263.48931884765625,0.9884408116340637
clipped_day_MOD11B3.A2011001.h19v03.006.2016053185800.tif,2011-01-01,day,264.6999816894531,273.7200012207031,267.0849914550781,2.7174603939056396
clipped_day_MOD11B3.A2011032.h19v03.006.2016053210202.tif,2011-02-01,day,266.17999267578125,269.2200012207031,267.9706726074219,0.8093752264976501
clipped_day_MOD11B3.A2011060.h19v03.006.2016053222355.tif,2011-03-01,day,279.79998779296875,283.1000061035156,281.61468505859375,0.861055850982666
clipped_day_MOD11B3.A2011091.h19v03.006.2016054184442.tif,2011-04-01,day,292.32000732421875,295.32000732421875,293.85467529296875,0.8821643590927124
clipped_day_MOD11B3.A2011121.h19v03.006.2016056190257.tif,2011-05-01,day,295.1600036621094,301.1199951171875,298.5666198730469,1.5402634143829346
clipped_day_MOD11B3.A2011152.h19v03.006.2016076151324.tif,2011-06-01,day,299.29998779296875,303.4599914550781,301.47601318359375,1.2368377447128296
clipped_day_MOD11B3.A2011182.h19v03.006.2016076164050.tif,2011-07-01,day,296.9599914550781,302.0199890136719,299.7760009765625,1.6067904233932495
clipped_day_MOD11B3.A2011213.h19v03.006.2016076180802.tif,2011-08-01,day,295.4599914550781,299.8599853515625,297.69464111328125,1.2560327053070068
clipped_day_MOD11B3.A2011244.h19v03.006.2016076193342.tif,2011-09-01,day,293.3999938964844,296.1999816894531,294.6226501464844,0.7198442220687866
clipped_day_MOD11B3.A2011274.h19v03.006.2016077171936.tif,2011-10-01,day,285.05999755859375,287.8999938964844,286.4773254394531,0.8249051570892334
clipped_day_MOD11B3.A2011305.h19v03.006.2016078181113.tif,2011-11-01,day,279.1600036621094,280.47998046875,279.9320068359375,0.3956936299800873
clipped_day_MOD11B3.A2011335.h19v03.006.2016079210520.tif,2011-12-01,day,-1.0,-1.0,-1.0,-1.0
clipped_day_MOD11B3.A2012001.h19v03.006.2016104175530.tif,2012-01-01,day,263.0,267.1199951171875,265.2893371582031,1.2104411125183105
clipped_day_MOD11B3.A2012032.h19v03.006.2016105144958.tif,2012-02-01,day,258.7200012207031,280.8399963378906,264.7720031738281,4.945262908935547
clipped_day_MOD11B3.A2012061.h19v03.006.2016107013404.tif,2012-03-01,day,282.9599914550781,285.739990234375,284.2560119628906,0.6680206656455994
clipped_day_MOD11B3.A2012092.h19v03.006.2016110153055.tif,2012-04-01,day,290.2599792480469,295.1000061035156,292.6946716308594,1.2926994562149048
clipped_day_MOD11B3.A2012122.h19v03.006.2016126190353.tif,2012-05-01,day,296.5400085449219,301.8800048828125,299.71466064453125,1.5741475820541382
clipped_day_MOD11B3.A2012153.h19v03.006.2016126192138.tif,2012-06-01,day,296.8599853515625,302.79998779296875,300.1519775390625,1.63443922996521
clipped_day_MOD11B3.A2012183.h19v03.006.2016131132833.tif,2012-07-01,day,300.3599853515625,306.5,303.0306396484375,1.6809505224227905
clipped_day_MOD11B3.A2012214.h19v03.006.2016131134433.tif,2012-08-01,day,298.3599853515625,301.7599792480469,299.99066162109375,1.0658036470413208
clipped_day_MOD11B3.A2012245.h19v03.006.2016131135806.tif,2012-09-01,day,292.32000732421875,294.7200012207031,293.7253112792969,0.696751594543457
clipped_day_MOD11B3.A2012275.h19v03.006.2016131140546.tif,2012-10-01,day,283.6000061035156,286.6999816894531,285.3599548339844,0.98408442735672
clipped_day_MOD11B3.A2012306.h19v03.006.2016131153349.tif,2012-11-01,day,280.1600036621094,283.5199890136719,282.2733154296875,0.9263122081756592
clipped_day_MOD11B3.A2012336.h19v03.006.2016138181728.tif,2012-12-01,day,267.17999267578125,275.2200012207031,270.6199951171875,2.2161242961883545
clipped_day_MOD11B3.A2013001.h19v03.006.2016155140440.tif,2013-01-01,day,261.2799987792969,268.8999938964844,264.9319763183594,2.130164384841919
clipped_day_MOD11B3.A2013032.h19v03.006.2016155151434.tif,2013-02-01,day,268.239990234375,277.3800048828125,272.6039733886719,2.355708122253418
clipped_day_MOD11B3.A2013060.h19v03.006.2016155164138.tif,2013-03-01,day,274.2799987792969,277.0400085449219,275.7933349609375,0.8175010681152344
clipped_day_MOD11B3.A2013091.h19v03.006.2016156173719.tif,2013-04-01,day,288.5,292.97998046875,291.3999938964844,1.4226162433624268
clipped_day_MOD11B3.A2013121.h19v03.006.2016158144021.tif,2013-05-01,day,296.55999755859375,301.1600036621094,299.1946716308594,1.2701400518417358
clipped_day_MOD11B3.A2013152.h19v03.006.2016161192646.tif,2013-06-01,day,298.3399963378906,304.2200012207031,301.4106750488281,1.8602609634399414
clipped_day_MOD11B3.A2013182.h19v03.006.2016163120131.tif,2013-07-01,day,299.7200012207031,303.67999267578125,301.73199462890625,1.298898696899414
clipped_day_MOD11B3.A2013213.h19v03.006.2016166211341.tif,2013-08-01,day,298.1399841308594,303.1399841308594,300.54931640625,1.447295069694519
clipped_day_MOD11B3.A2013244.h19v03.006.2016167140115.tif,2013-09-01,day,289.79998779296875,293.3599853515625,291.31201171875,1.1776976585388184
clipped_day_MOD11B3.A2013274.h19v03.006.2016173030537.tif,2013-10-01,day,284.91998291015625,287.6399841308594,286.2426452636719,0.7720064520835876
clipped_day_MOD11B3.A2013305.h19v03.006.2016174033415.tif,2013-11-01,day,277.1000061035156,279.1399841308594,278.21331787109375,0.6807698607444763
clipped_day_MOD11B3.A2013335.h19v03.006.2016179210618.tif,2013-12-01,day,270.29998779296875,272.55999755859375,271.5693054199219,0.6400397419929504
clipped_day_MOD11B3.A2014001.h19v03.006.2016197160038.tif,2014-01-01,day,264.1999816894531,272.1199951171875,269.02532958984375,2.437359571456909
clipped_day_MOD11B3.A2014032.h19v03.006.2016197170025.tif,2014-02-01,day,275.29998779296875,278.44000244140625,277.3253173828125,0.8810193538665771
clipped_day_MOD11B3.A2014060.h19v03.006.2016198072800.tif,2014-03-01,day,286.7599792480469,289.0799865722656,288.0173034667969,0.7412025928497314
clipped_day_MOD11B3.A2014091.h19v03.006.2016202203300.tif,2014-04-01,day,290.6000061035156,294.2799987792969,292.6426696777344,1.0715693235397339
clipped_day_MOD11B3.A2014121.h19v03.006.2016204001015.tif,2014-05-01,day,294.8599853515625,299.8999938964844,297.8626403808594,1.4638397693634033
clipped_day_MOD11B3.A2014152.h19v03.006.2016205022036.tif,2014-06-01,day,295.6399841308594,300.79998779296875,298.59600830078125,1.7017827033996582
clipped_day_MOD11B3.A2014182.h19v03.006.2016209170315.tif,2014-07-01,day,300.2200012207031,304.41998291015625,302.47601318359375,1.3868962526321411
clipped_day_MOD11B3.A2014213.h19v03.006.2016209180211.tif,2014-08-01,day,296.79998779296875,300.8999938964844,299.1253356933594,1.3391047716140747
clipped_day_MOD11B3.A2014244.h19v03.006.2016209184019.tif,2014-09-01,day,293.29998779296875,296.3800048828125,294.5560302734375,0.7930774092674255
clipped_day_MOD11B3.A2014274.h19v03.006.2016209224927.tif,2014-10-01,day,287.0799865722656,288.239990234375,287.6693115234375,0.3056650757789612
clipped_day_MOD11B3.A2014305.h19v03.006.2016210235035.tif,2014-11-01,day,279.4599914550781,283.8399963378906,281.7893371582031,1.676344871520996
clipped_day_MOD11B3.A2014335.h19v03.006.2016212044327.tif,2014-12-01,day,272.1000061035156,274.5,273.52001953125,0.7502912282943726
clipped_day_MOD11B3.A2015001.h19v03.006.2016222155524.tif,2015-01-01,day,273.1999816894531,274.6999816894531,274.1119689941406,0.44595178961753845
clipped_day_MOD11B3.A2015032.h19v03.006.2016222165108.tif,2015-02-01,day,274.44000244140625,276.79998779296875,275.6693420410156,0.7252692580223083
clipped_day_MOD11B3.A2015060.h19v03.006.2016222182804.tif,2015-03-01,day,285.2599792480469,288.44000244140625,286.7213134765625,0.8819534778594971
clipped_day_MOD11B3.A2015091.h19v03.006.2016222200842.tif,2015-04-01,day,290.1999816894531,294.1399841308594,291.9613342285156,1.2100569009780884
clipped_day_MOD11B3.A2015121.h19v03.006.2016222212400.tif,2015-05-01,day,291.7799987792969,297.1399841308594,294.0279541015625,1.542686939239502
clipped_day_MOD11B3.A2015152.h19v03.006.2016223012854.tif,2015-06-01,day,298.6199951171875,304.41998291015625,301.5893249511719,1.9788583517074585
clipped_day_MOD11B3.A2015182.h19v03.006.2016224002627.tif,2015-07-01,day,300.5,306.2599792480469,303.5639953613281,1.7907483577728271
clipped_day_MOD11B3.A2015213.h19v03.006.2016225180044.tif,2015-08-01,day,303.1600036621094,307.3800048828125,305.4200134277344,1.4425182342529297
clipped_day_MOD11B3.A2015244.h19v03.006.2016227160547.tif,2015-09-01,day,293.17999267578125,296.1199951171875,295.1119689941406,0.8124316930770874
clipped_day_MOD11B3.A2015274.h19v03.006.2016228221315.tif,2015-10-01,day,283.5799865722656,286.0799865722656,284.6173095703125,0.7221391797065735
clipped_day_MOD11B3.A2015305.h19v03.006.2016229174631.tif,2015-11-01,day,277.97998046875,279.8599853515625,278.8293151855469,0.5815789103507996
clipped_day_MOD11B3.A2015335.h19v03.006.2016231003659.tif,2015-12-01,day,278.5,280.8800048828125,279.6360168457031,0.711363673210144
clipped_day_MOD11B3.A2016001.h19v03.006.2016234010040.tif,2016-01-01,day,265.67999267578125,269.97998046875,267.64532470703125,1.308321475982666
clipped_day_MOD11B3.A2016032.h19v03.006.2016235154047.tif,2016-02-01,day,276.55999755859375,279.6399841308594,277.8666687011719,0.7941004633903503
clipped_day_MOD11B3.A2016061.h19v03.006.2016242144552.tif,2016-03-01,day,282.1199951171875,286.0400085449219,284.50933837890625,1.0110830068588257
clipped_day_MOD11B3.A2016092.h19v03.006.2016242154739.tif,2016-04-01,day,290.2799987792969,292.82000732421875,291.37200927734375,0.7895245552062988
clipped_day_MOD11B3.A2016122.h19v03.006.2016242161959.tif,2016-05-01,day,296.8599853515625,301.2799987792969,298.6159973144531,1.2502021789550781
clipped_day_MOD11B3.A2016153.h19v03.006.2016242170652.tif,2016-06-01,day,299.6399841308594,305.41998291015625,302.0879821777344,1.7110562324523926
clipped_day_MOD11B3.A2016183.h19v03.006.2016243061110.tif,2016-07-01,day,298.0400085449219,304.7799987792969,300.9106750488281,1.982344627380371
clipped_day_MOD11B3.A2016214.h19v03.006.2016286174218.tif,2016-08-01,day,296.6600036621094,301.7799987792969,299.3213195800781,1.4897246360778809
clipped_day_MOD11B3.A2016245.h19v03.006.2016275091422.tif,2016-09-01,day,295.6999816894531,299.4599914550781,297.81463623046875,1.0510090589523315
clipped_day_MOD11B3.A2016275.h19v03.006.2016306095632.tif,2016-10-01,day,284.32000732421875,287.3599853515625,285.70001220703125,0.7754539251327515
clipped_day_MOD11B3.A2016306.h19v03.006.2016340140034.tif,2016-11-01,day,276.7599792480469,281.4599914550781,278.7200012207031,1.5018718242645264
clipped_day_MOD11B3.A2016336.h19v03.006.2017001093241.tif,2016-12-01,day,269.2599792480469,273.3399963378906,271.8546447753906,1.0374200344085693
clipped_day_MOD11B3.A2017001.h19v03.006.2017032165359.tif,2017-01-01,day,267.5199890136719,268.97998046875,268.3106384277344,0.5195314288139343
clipped_day_MOD11B3.A2017032.h19v03.006.2017066133159.tif,2017-02-01,day,268.5799865722656,273.2200012207031,271.5666809082031,1.245506763458252
clipped_day_MOD11B3.A2017060.h19v03.006.2017092183255.tif,2017-03-01,day,284.6999816894531,288.6399841308594,286.9639587402344,0.9778425693511963
clipped_day_MOD11B3.A2017091.h19v03.006.2017129125338.tif,2017-04-01,day,287.7200012207031,292.6199951171875,289.41998291015625,1.328538417816162
clipped_day_MOD11B3.A2017121.h19v03.006.2017152091636.tif,2017-05-01,day,295.47998046875,298.9599914550781,297.2413330078125,0.9360466003417969
clipped_day_MOD11B3.A2017152.h19v03.006.2017192120539.tif,2017-06-01,day,296.67999267578125,301.41998291015625,299.7279968261719,1.316454529762268
clipped_day_MOD11B3.A2017182.h19v03.006.2017213085026.tif,2017-07-01,day,296.1399841308594,301.47998046875,299.12799072265625,1.37543785572052
clipped_day_MOD11B3.A2017213.h19v03.006.2017249230934.tif,2017-08-01,day,298.67999267578125,302.2799987792969,300.25732421875,1.015584945678711
clipped_day_MOD11B3.A2017244.h19v03.006.2017275194007.tif,2017-09-01,day,288.2599792480469,291.8599853515625,290.42132568359375,1.1991455554962158
clipped_day_MOD11B3.A2017274.h19v03.006.2017305190721.tif,2017-10-01,day,287.41998291015625,290.6399841308594,289.12799072265625,0.9874373078346252
clipped_day_MOD11B3.A2017305.h19v03.006.2017335083051.tif,2017-11-01,day,274.79998779296875,282.6199951171875,279.2480163574219,2.0929477214813232
clipped_day_MOD11B3.A2017335.h19v03.006.2018002064316.tif,2017-12-01,day,-1.0,-1.0,-1.0,-1.0
clipped_day_MOD11B3.A2018001.h19v03.006.2018032090345.tif,2018-01-01,day,272.5799865722656,275.1000061035156,273.70001220703125,0.7968634963035583
clipped_day_MOD11B3.A2018032.h19v03.006.2018060085230.tif,2018-02-01,day,270.55999755859375,273.79998779296875,272.4733581542969,0.9839144945144653
clipped_night_MOD11B3.A2000032.h19v03.006.2015168203955.tif,2000-02-01,night,271.3800048828125,277.2599792480469,274.9466552734375,1.3745393753051758
-1,-1,-1,271.3800048828125,277.2599792480469,274.9466552734375,1.3745393753051758
clipped_night_MOD11B3.A2000061.h19v03.006.2015160141747.tif,2000-03-01,night,269.239990234375,273.0400085449219,270.9693298339844,1.0194358825683594
clipped_night_MOD11B3.A2000092.h19v03.006.2015160141857.tif,2000-04-01,night,279.239990234375,284.8800048828125,281.9066467285156,1.5430328845977783
clipped_night_MOD11B3.A2000122.h19v03.006.2015160142029.tif,2000-05-01,night,281.41998291015625,286.97998046875,283.9626159667969,1.5346298217773438
clipped_night_MOD11B3.A2000153.h19v03.006.2015160142129.tif,2000-06-01,night,284.97998046875,291.1399841308594,287.7733154296875,1.6748580932617188
clipped_night_MOD11B3.A2000183.h19v03.006.2015160142255.tif,2000-07-01,night,283.41998291015625,287.55999755859375,285.8706359863281,1.019121766090393
clipped_night_MOD11B3.A2000214.h19v03.006.2015160142439.tif,2000-08-01,night,285.6600036621094,289.91998291015625,287.5186462402344,1.1143971681594849
clipped_night_MOD11B3.A2000245.h19v03.006.2015160142534.tif,2000-09-01,night,279.4599914550781,282.7200012207031,281.3413391113281,0.9359329342842102
clipped_night_MOD11B3.A2000275.h19v03.006.2015160142639.tif,2000-10-01,night,279.4599914550781,283.41998291015625,281.3266906738281,1.2341504096984863
clipped_night_MOD11B3.A2000306.h19v03.006.2015160142806.tif,2000-11-01,night,275.2200012207031,277.3800048828125,276.38397216796875,0.7060225605964661
clipped_night_MOD11B3.A2000336.h19v03.006.2015160142907.tif,2000-12-01,night,269.55999755859375,272.0400085449219,270.5439758300781,0.6071243286132812
clipped_night_MOD11B3.A2001001.h19v03.006.2015160143037.tif,2001-01-01,night,266.1000061035156,268.5400085449219,267.72930908203125,0.6329535841941833
clipped_night_MOD11B3.A2001032.h19v03.006.2015160143134.tif,2001-02-01,night,264.8599853515625,268.41998291015625,266.2413024902344,1.0067325830459595
clipped_night_MOD11B3.A2001060.h19v03.006.2015160143303.tif,2001-03-01,night,270.0199890136719,273.2599792480469,271.5559997558594,1.0522123575210571
clipped_night_MOD11B3.A2001091.h19v03.006.2015160143431.tif,2001-04-01,night,276.5,283.7599792480469,279.3799743652344,1.649465560913086
clipped_night_MOD11B3.A2001121.h19v03.006.2015160143525.tif,2001-05-01,night,281.8399963378906,287.05999755859375,284.0479736328125,1.4017091989517212
clipped_night_MOD11B3.A2001152.h19v03.006.2015160143701.tif,2001-06-01,night,280.239990234375,282.7599792480469,281.57733154296875,0.6247714161872864
clipped_night_MOD11B3.A2001182.h19v03.006.2015160143816.tif,2001-07-01,night,290.29998779296875,296.82000732421875,292.5626220703125,1.7584850788116455
-1,-1,-1,290.29998779296875,296.82000732421875,292.5626220703125,1.7584850788116455
clipped_night_MOD11B3.A2001213.h19v03.006.2015160143917.tif,2001-08-01,night,288.3999938964844,293.6199951171875,290.38800048828125,1.6570305824279785
clipped_night_MOD11B3.A2001244.h19v03.006.2015160144050.tif,2001-09-01,night,277.1999816894531,282.239990234375,279.9093017578125,1.4498567581176758
clipped_night_MOD11B3.A2001274.h19v03.006.2015160144208.tif,2001-10-01,night,279.6999816894531,282.1999816894531,280.83734130859375,0.5856452584266663
clipped_night_MOD11B3.A2001305.h19v03.006.2015160144312.tif,2001-11-01,night,270.47998046875,273.2799987792969,271.5373229980469,0.7640562653541565
clipped_night_MOD11B3.A2001335.h19v03.006.2015160144442.tif,2001-12-01,night,259.8999938964844,264.5400085449219,262.8039855957031,1.1129118204116821
clipped_night_MOD11B3.A2002001.h19v03.006.2015160144612.tif,2002-01-01,night,259.32000732421875,264.5799865722656,262.11468505859375,1.6258330345153809
clipped_night_MOD11B3.A2002032.h19v03.006.2015160144711.tif,2002-02-01,night,270.739990234375,273.6999816894531,272.5306701660156,0.7582415342330933
clipped_night_MOD11B3.A2002060.h19v03.006.2015160144844.tif,2002-03-01,night,272.97998046875,276.1000061035156,274.2266540527344,0.8767169117927551
clipped_night_MOD11B3.A2002091.h19v03.006.2015160144938.tif,2002-04-01,night,274.47998046875,279.79998779296875,276.70001220703125,1.4510490894317627
clipped_night_MOD11B3.A2002121.h19v03.006.2015160145102.tif,2002-05-01,night,285.5199890136719,290.8800048828125,287.5693359375,1.3797779083251953
clipped_night_MOD11B3.A2002152.h19v03.006.2015160145235.tif,2002-06-01,night,286.5400085449219,291.6000061035156,289.2013244628906,1.360183596611023
clipped_night_MOD11B3.A2002182.h19v03.006.2015160145339.tif,2002-07-01,night,290.2599792480469,294.55999755859375,292.1372985839844,1.249853491783142
clipped_night_MOD11B3.A2002213.h19v03.006.2015160145514.tif,2002-08-01,night,288.47998046875,293.1399841308594,290.4373474121094,1.207242727279663
clipped_night_MOD11B3.A2002244.h19v03.006.2015160145903.tif,2002-09-01,night,283.6600036621094,287.4599914550781,285.2840270996094,1.0079180002212524
clipped_night_MOD11B3.A2002274.h19v03.006.2015162092011.tif,2002-10-01,night,272.3399963378906,276.7599792480469,274.7359924316406,1.1609218120574951
clipped_night_MOD11B3.A2002305.h19v03.006.2015164024757.tif,2002-11-01,night,270.6399841308594,273.82000732421875,272.2453308105469,0.8344787359237671
clipped_night_MOD11B3.A2002335.h19v03.006.2015167140610.tif,2002-12-01,night,259.3599853515625,263.2200012207031,261.0826721191406,1.2594337463378906
clipped_night_MOD11B3.A2003001.h19v03.006.2015182075432.tif,2003-01-01,night,260.8999938964844,264.8399963378906,262.9639892578125,1.18794584274292
clipped_night_MOD11B3.A2003032.h19v03.006.2015184015058.tif,2003-02-01,night,261.7599792480469,266.739990234375,263.8586730957031,1.4405094385147095
clipped_night_MOD11B3.A2003060.h19v03.006.2015187211147.tif,2003-03-01,night,268.5400085449219,271.8399963378906,270.67333984375,0.8879837393760681
clipped_night_MOD11B3.A2003091.h19v03.006.2015195132841.tif,2003-04-01,night,273.2599792480469,278.0199890136719,275.8173522949219,1.5056148767471313
clipped_night_MOD11B3.A2003121.h19v03.006.2015196220713.tif,2003-05-01,night,283.41998291015625,289.79998779296875,285.9999694824219,1.7737942934036255
clipped_night_MOD11B3.A2003152.h19v03.006.2015198043829.tif,2003-06-01,night,286.1399841308594,291.3800048828125,288.1999816894531,1.4889670610427856
clipped_night_MOD11B3.A2003182.h19v03.006.2015202145449.tif,2003-07-01,night,288.7200012207031,295.5,290.8973083496094,1.956142544746399
clipped_night_MOD11B3.A2003213.h19v03.006.2015204081020.tif,2003-08-01,night,286.67999267578125,290.91998291015625,288.5320129394531,1.22626531124115
clipped_night_MOD11B3.A2003244.h19v03.006.2015205151508.tif,2003-09-01,night,281.82000732421875,285.6999816894531,283.71331787109375,1.1873425245285034
clipped_night_MOD11B3.A2003274.h19v03.006.2015207181048.tif,2003-10-01,night,272.47998046875,275.0400085449219,273.49200439453125,0.7608726620674133
clipped_night_MOD11B3.A2003305.h19v03.006.2015209120958.tif,2003-11-01,night,273.44000244140625,275.2799987792969,274.3280029296875,0.6508575677871704
clipped_night_MOD11B3.A2003335.h19v03.006.2015211013811.tif,2003-12-01,night,268.41998291015625,272.5199890136719,271.1972961425781,1.2843693494796753
clipped_night_MOD11B3.A2004001.h19v03.006.2015213002226.tif,2004-01-01,night,261.2799987792969,265.5799865722656,263.62664794921875,1.205182671546936
clipped_night_MOD11B3.A2004032.h19v03.006.2015216221800.tif,2004-02-01,night,263.3999938964844,266.8599853515625,265.55731201171875,0.9423331022262573
clipped_night_MOD11B3.A2004061.h19v03.006.2015218011502.tif,2004-03-01,night,269.0799865722656,273.79998779296875,270.829345703125,1.2740861177444458
clipped_night_MOD11B3.A2004092.h19v03.006.2015219145030.tif,2004-04-01,night,275.4599914550781,280.3399963378906,278.0213317871094,1.3803684711456299
clipped_night_MOD11B3.A2004122.h19v03.006.2015220231734.tif,2004-05-01,night,280.4599914550781,283.1199951171875,281.69866943359375,0.9230819344520569
clipped_night_MOD11B3.A2004153.h19v03.006.2015224032541.tif,2004-06-01,night,283.32000732421875,287.0199890136719,285.0799865722656,1.0536510944366455
clipped_night_MOD11B3.A2004183.h19v03.006.2015227142443.tif,2004-07-01,night,287.1000061035156,291.739990234375,289.1159973144531,1.4350895881652832
clipped_night_MOD11B3.A2004214.h19v03.006.2015228190040.tif,2004-08-01,night,286.739990234375,291.2200012207031,288.4679870605469,1.2484419345855713
clipped_night_MOD11B3.A2004245.h19v03.006.2015231151850.tif,2004-09-01,night,281.29998779296875,285.67999267578125,283.1559753417969,1.3422834873199463
clipped_night_MOD11B3.A2004275.h19v03.006.2015233155058.tif,2004-10-01,night,278.05999755859375,281.6600036621094,280.11602783203125,1.0716756582260132
clipped_night_MOD11B3.A2004306.h19v03.006.2015237230741.tif,2004-11-01,night,270.2200012207031,273.79998779296875,272.4026794433594,1.0523056983947754
clipped_night_MOD11B3.A2004336.h19v03.006.2015240192218.tif,2004-12-01,night,267.6399841308594,271.79998779296875,270.00933837890625,1.1360695362091064
clipped_night_MOD11B3.A2005001.h19v03.006.2015243150851.tif,2005-01-01,night,267.0,271.6199951171875,269.7599792480469,1.07512366771698
clipped_night_MOD11B3.A2005032.h19v03.006.2015244183521.tif,2005-02-01,night,259.2599792480469,265.5799865722656,262.6012878417969,1.547773838043213
clipped_night_MOD11B3.A2005060.h19v03.006.2015246163539.tif,2005-03-01,night,267.1199951171875,269.67999267578125,268.78265380859375,0.8110504746437073
clipped_night_MOD11B3.A2005091.h19v03.006.2015248154134.tif,2005-04-01,night,275.6600036621094,280.41998291015625,277.6066589355469,1.39585280418396
clipped_night_MOD11B3.A2005121.h19v03.006.2015252170612.tif,2005-05-01,night,282.2599792480469,285.7599792480469,283.9933166503906,1.0450278520584106
clipped_night_MOD11B3.A2005152.h19v03.006.2015254205226.tif,2005-06-01,night,284.0400085449219,287.79998779296875,285.6533203125,1.2234278917312622
clipped_night_MOD11B3.A2005182.h19v03.006.2015256153005.tif,2005-07-01,night,288.3399963378906,292.79998779296875,290.2853088378906,1.388533353805542
clipped_night_MOD11B3.A2005213.h19v03.006.2015258205103.tif,2005-08-01,night,285.1600036621094,290.8999938964844,287.7173156738281,1.3237894773483276
clipped_night_MOD11B3.A2005244.h19v03.006.2015262020542.tif,2005-09-01,night,283.1600036621094,288.2799987792969,285.4440002441406,1.4543029069900513
clipped_night_MOD11B3.A2005274.h19v03.006.2015265175959.tif,2005-10-01,night,275.8999938964844,279.8599853515625,277.96533203125,1.2226396799087524
clipped_night_MOD11B3.A2005305.h19v03.006.2015268164035.tif,2005-11-01,night,268.2799987792969,273.1999816894531,271.2613220214844,1.5599714517593384
clipped_night_MOD11B3.A2005335.h19v03.006.2015271023613.tif,2005-12-01,night,265.0,269.3999938964844,266.4453430175781,1.3222064971923828
clipped_night_MOD11B3.A2006001.h19v03.006.2015274075535.tif,2006-01-01,night,251.67999267578125,259.2799987792969,254.6640167236328,1.8047816753387451
clipped_night_MOD11B3.A2006032.h19v03.006.2015278230613.tif,2006-02-01,night,262.32000732421875,266.6000061035156,264.38934326171875,1.2988145351409912
clipped_night_MOD11B3.A2006060.h19v03.006.2015286185644.tif,2006-03-01,night,262.3800048828125,266.6399841308594,264.5626525878906,1.215800166130066
clipped_night_MOD11B3.A2006091.h19v03.006.2015289041608.tif,2006-04-01,night,276.0400085449219,279.7200012207031,277.7693176269531,1.063223123550415
clipped_night_MOD11B3.A2006121.h19v03.006.2015292000102.tif,2006-05-01,night,280.8399963378906,285.9599914550781,283.1880187988281,1.2105475664138794
clipped_night_MOD11B3.A2006152.h19v03.006.2015294013501.tif,2006-06-01,night,283.6600036621094,287.79998779296875,285.3559875488281,1.0356603860855103
clipped_night_MOD11B3.A2006182.h19v03.006.2015295105206.tif,2006-07-01,night,290.32000732421875,295.6000061035156,292.8026428222656,1.643359899520874
clipped_night_MOD11B3.A2006213.h19v03.006.2015299195930.tif,2006-08-01,night,286.8399963378906,289.7799987792969,287.88397216796875,0.8603949546813965
clipped_night_MOD11B3.A2006244.h19v03.006.2015300192326.tif,2006-09-01,night,284.47998046875,287.8399963378906,286.1519775390625,0.997967541217804
clipped_night_MOD11B3.A2006274.h19v03.006.2015302085403.tif,2006-10-01,night,277.9599914550781,281.29998779296875,279.3280029296875,0.8835327625274658
clipped_night_MOD11B3.A2006305.h19v03.006.2015304135702.tif,2006-11-01,night,274.1000061035156,276.7599792480469,275.55999755859375,0.6695659756660461
clipped_night_MOD11B3.A2006335.h19v03.006.2015307064126.tif,2006-12-01,night,273.29998779296875,275.41998291015625,274.3746337890625,0.5635326504707336
clipped_night_MOD11B3.A2007001.h19v03.006.2015309180854.tif,2007-01-01,night,267.82000732421875,274.1199951171875,270.9000244140625,1.7713117599487305
clipped_night_MOD11B3.A2007032.h19v03.006.2015310235348.tif,2007-02-01,night,265.1999816894531,269.2799987792969,266.843994140625,1.0975443124771118
clipped_night_MOD11B3.A2007060.h19v03.006.2015312114243.tif,2007-03-01,night,274.41998291015625,277.8999938964844,276.03863525390625,0.9163275957107544
clipped_night_MOD11B3.A2007091.h19v03.006.2015314212831.tif,2007-04-01,night,276.55999755859375,280.47998046875,278.50262451171875,1.1946463584899902
clipped_night_MOD11B3.A2007121.h19v03.006.2015317172138.tif,2007-05-01,night,281.8399963378906,285.9599914550781,283.42266845703125,1.2095351219177246
clipped_night_MOD11B3.A2007152.h19v03.006.2015318215458.tif,2007-06-01,night,287.2599792480469,291.6399841308594,288.7426452636719,1.3480417728424072
clipped_night_MOD11B3.A2007182.h19v03.006.2015321044119.tif,2007-07-01,night,287.6999816894531,292.1999816894531,289.9239807128906,1.1979809999465942
clipped_night_MOD11B3.A2007213.h19v03.006.2015322142527.tif,2007-08-01,night,287.1600036621094,291.3800048828125,288.3386535644531,1.0463289022445679
clipped_night_MOD11B3.A2007244.h19v03.006.2015324043031.tif,2007-09-01,night,281.5199890136719,285.0799865722656,283.09466552734375,1.0610302686691284
clipped_night_MOD11B3.A2007274.h19v03.006.2015328131156.tif,2007-10-01,night,275.6399841308594,278.3399963378906,277.2613220214844,0.8268991708755493
clipped_night_MOD11B3.A2007305.h19v03.006.2015328140534.tif,2007-11-01,night,269.3800048828125,272.82000732421875,271.1519775390625,0.8184139728546143
clipped_night_MOD11B3.A2007335.h19v03.006.2015330011620.tif,2007-12-01,night,267.3599853515625,269.47998046875,268.12933349609375,0.5501935482025146
clipped_night_MOD11B3.A2008001.h19v03.006.2015338144031.tif,2008-01-01,night,266.7200012207031,271.97998046875,269.2786865234375,1.7319161891937256
clipped_night_MOD11B3.A2008032.h19v03.006.2015341155200.tif,2008-02-01,night,269.2799987792969,271.8599853515625,270.8759765625,0.5624303221702576
clipped_night_MOD11B3.A2008061.h19v03.006.2015344073904.tif,2008-03-01,night,270.94000244140625,274.8599853515625,273.16265869140625,1.0370162725448608
clipped_night_MOD11B3.A2008092.h19v03.006.2015349041020.tif,2008-04-01,night,276.9599914550781,279.8599853515625,278.5933532714844,0.9599618315696716
clipped_night_MOD11B3.A2008122.h19v03.006.2015350094626.tif,2008-05-01,night,280.1600036621094,284.8399963378906,282.67596435546875,1.223767876625061
clipped_night_MOD11B3.A2008153.h19v03.006.2015351094558.tif,2008-06-01,night,286.239990234375,291.6199951171875,288.28399658203125,1.483889102935791
clipped_night_MOD11B3.A2008183.h19v03.006.2015357182233.tif,2008-07-01,night,287.3599853515625,292.3800048828125,289.3986511230469,1.4277178049087524
clipped_night_MOD11B3.A2008214.h19v03.006.2015357195413.tif,2008-08-01,night,286.3999938964844,288.6999816894531,287.5293273925781,0.6695584058761597
clipped_night_MOD11B3.A2008245.h19v03.006.2015357223734.tif,2008-09-01,night,283.47998046875,287.0199890136719,285.12664794921875,1.033947467803955
clipped_night_MOD11B3.A2008275.h19v03.006.2015362010851.tif,2008-10-01,night,276.94000244140625,280.97998046875,279.5386657714844,1.13173246383667
clipped_night_MOD11B3.A2008306.h19v03.006.2015364131659.tif,2008-11-01,night,272.3399963378906,276.47998046875,274.6719665527344,1.2773648500442505
clipped_night_MOD11B3.A2008336.h19v03.006.2016004221949.tif,2008-12-01,night,266.0199890136719,271.47998046875,269.083984375,1.2947531938552856
clipped_night_MOD11B3.A2009001.h19v03.006.2016006042700.tif,2009-01-01,night,261.8599853515625,265.0400085449219,263.70001220703125,0.8022657632827759
clipped_night_MOD11B3.A2009032.h19v03.006.2016007100944.tif,2009-02-01,night,263.1399841308594,266.1999816894531,264.9960021972656,1.049123764038086
clipped_night_MOD11B3.A2009060.h19v03.006.2016008193123.tif,2009-03-01,night,267.739990234375,271.6399841308594,270.0159912109375,1.0738178491592407
clipped_night_MOD11B3.A2009091.h19v03.006.2016011181503.tif,2009-04-01,night,277.97998046875,283.2200012207031,280.38800048828125,1.497673749923706
clipped_night_MOD11B3.A2009121.h19v03.006.2016013134507.tif,2009-05-01,night,280.1399841308594,283.8800048828125,282.1813049316406,1.0250335931777954
clipped_night_MOD11B3.A2009152.h19v03.006.2016019182354.tif,2009-06-01,night,283.1999816894531,286.55999755859375,284.81732177734375,1.0571138858795166
clipped_night_MOD11B3.A2009182.h19v03.006.2016019195237.tif,2009-07-01,night,285.0199890136719,291.5400085449219,288.6159973144531,1.6597901582717896
clipped_night_MOD11B3.A2009213.h19v03.006.2016020010840.tif,2009-08-01,night,286.0400085449219,290.9599914550781,288.0386657714844,1.336529016494751
clipped_night_MOD11B3.A2009244.h19v03.006.2016021120923.tif,2009-09-01,night,281.8800048828125,287.5400085449219,284.1706848144531,1.6781426668167114
clipped_night_MOD11B3.A2009274.h19v03.006.2016023051601.tif,2009-10-01,night,273.2799987792969,277.32000732421875,275.4666748046875,1.3008863925933838
clipped_night_MOD11B3.A2009305.h19v03.006.2016024035656.tif,2009-11-01,night,272.6399841308594,274.8800048828125,273.9120178222656,0.7525190711021423
clipped_night_MOD11B3.A2009335.h19v03.006.2016024225311.tif,2009-12-01,night,262.32000732421875,266.239990234375,264.6346740722656,1.0853536128997803
clipped_night_MOD11B3.A2010001.h19v03.006.2016034220707.tif,2010-01-01,night,254.47999572753906,259.2200012207031,256.3053283691406,1.330211877822876
clipped_night_MOD11B3.A2010032.h19v03.006.2016034233813.tif,2010-02-01,night,262.3599853515625,267.239990234375,264.2413330078125,1.4469935894012451
clipped_night_MOD11B3.A2010060.h19v03.006.2016035011812.tif,2010-03-01,night,270.67999267578125,273.8800048828125,272.0679626464844,0.9518783092498779
clipped_night_MOD11B3.A2010091.h19v03.006.2016035084853.tif,2010-04-01,night,275.8599853515625,279.0799865722656,277.3160095214844,0.8535172939300537
clipped_night_MOD11B3.A2010121.h19v03.006.2016039155820.tif,2010-05-01,night,282.9599914550781,286.0400085449219,284.37200927734375,0.9877088665962219
clipped_night_MOD11B3.A2010152.h19v03.006.2016040212538.tif,2010-06-01,night,285.3999938964844,289.41998291015625,287.9253234863281,0.9673983454704285
clipped_night_MOD11B3.A2010182.h19v03.006.2016041233049.tif,2010-07-01,night,290.55999755859375,295.3999938964844,292.7759704589844,1.5247325897216797
clipped_night_MOD11B3.A2010213.h19v03.006.2016043003459.tif,2010-08-01,night,287.6199951171875,291.6199951171875,290.1346435546875,1.1378902196884155
clipped_night_MOD11B3.A2010244.h19v03.006.2016044170650.tif,2010-09-01,night,281.29998779296875,283.97998046875,282.51202392578125,0.724163830280304
clipped_night_MOD11B3.A2010274.h19v03.006.2016045213718.tif,2010-10-01,night,274.47998046875,277.1999816894531,275.7120056152344,0.8257781863212585
clipped_night_MOD11B3.A2010305.h19v03.006.2016047024114.tif,2010-11-01,night,271.41998291015625,274.91998291015625,272.9079895019531,0.8811753988265991
clipped_night_MOD11B3.A2010335.h19v03.006.2016048161956.tif,2010-12-01,night,259.41998291015625,262.6999816894531,260.88665771484375,0.7925517559051514
clipped_night_MOD11B3.A2011001.h19v03.006.2016053185800.tif,2011-01-01,night,259.32000732421875,266.8800048828125,263.78399658203125,2.441387891769409
clipped_night_MOD11B3.A2011032.h19v03.006.2016053210202.tif,2011-02-01,night,260.4599914550781,263.7799987792969,262.3053283691406,0.85514897108078
clipped_night_MOD11B3.A2011060.h19v03.006.2016053222355.tif,2011-03-01,night,270.29998779296875,273.2799987792969,271.8546447753906,0.7800995111465454
clipped_night_MOD11B3.A2011091.h19v03.006.2016054184442.tif,2011-04-01,night,278.3399963378906,281.41998291015625,280.1600341796875,0.9405523538589478
clipped_night_MOD11B3.A2011121.h19v03.006.2016056190257.tif,2011-05-01,night,282.32000732421875,286.97998046875,284.4360046386719,1.1891052722930908
clipped_night_MOD11B3.A2011152.h19v03.006.2016076151324.tif,2011-06-01,night,286.47998046875,291.82000732421875,288.20001220703125,1.5098297595977783
clipped_night_MOD11B3.A2011182.h19v03.006.2016076164050.tif,2011-07-01,night,287.2200012207031,290.7799987792969,288.6240234375,1.0898593664169312
clipped_night_MOD11B3.A2011213.h19v03.006.2016076180802.tif,2011-08-01,night,288.1399841308594,291.3599853515625,289.6653137207031,0.7806838750839233
clipped_night_MOD11B3.A2011244.h19v03.006.2016076193342.tif,2011-09-01,night,283.6000061035156,286.8599853515625,284.96002197265625,0.9802834391593933
clipped_night_MOD11B3.A2011274.h19v03.006.2016077171936.tif,2011-10-01,night,276.91998291015625,279.1600036621094,278.0146484375,0.643717885017395
clipped_night_MOD11B3.A2011305.h19v03.006.2016078181113.tif,2011-11-01,night,272.1399841308594,274.5400085449219,273.38134765625,0.7694011926651001
clipped_night_MOD11B3.A2011335.h19v03.006.2016079210520.tif,2011-12-01,night,270.239990234375,271.4599914550781,270.9120178222656,0.29563993215560913
clipped_night_MOD11B3.A2012001.h19v03.006.2016104175530.tif,2012-01-01,night,256.47998046875,264.6399841308594,260.6319885253906,2.628681182861328
clipped_night_MOD11B3.A2012032.h19v03.006.2016105144958.tif,2012-02-01,night,260.5400085449219,263.8999938964844,262.1773681640625,0.9698895215988159
clipped_night_MOD11B3.A2012061.h19v03.006.2016107013404.tif,2012-03-01,night,272.1600036621094,274.4599914550781,273.6386413574219,0.6400994062423706
clipped_night_MOD11B3.A2012092.h19v03.006.2016110153055.tif,2012-04-01,night,276.0,280.3800048828125,278.306640625,0.979024350643158
clipped_night_MOD11B3.A2012122.h19v03.006.2016126190353.tif,2012-05-01,night,283.8399963378906,288.7799987792969,286.1000061035156,1.3428524732589722
clipped_night_MOD11B3.A2012153.h19v03.006.2016126192138.tif,2012-06-01,night,285.6600036621094,290.7200012207031,287.0360107421875,1.4683374166488647
clipped_night_MOD11B3.A2012183.h19v03.006.2016131132833.tif,2012-07-01,night,288.2200012207031,294.41998291015625,290.8160095214844,1.858701467514038
clipped_night_MOD11B3.A2012214.h19v03.006.2016131134433.tif,2012-08-01,night,286.2599792480469,290.2200012207031,287.7226257324219,1.200418472290039
clipped_night_MOD11B3.A2012245.h19v03.006.2016131135806.tif,2012-09-01,night,282.8599853515625,286.0799865722656,284.26666259765625,0.8362677693367004
clipped_night_MOD11B3.A2012275.h19v03.006.2016131140546.tif,2012-10-01,night,274.6999816894531,278.94000244140625,276.28936767578125,1.175369381904602
clipped_night_MOD11B3.A2012306.h19v03.006.2016131153349.tif,2012-11-01,night,269.97998046875,275.0799865722656,272.6586608886719,1.4504709243774414
clipped_night_MOD11B3.A2012336.h19v03.006.2016138181728.tif,2012-12-01,night,263.8599853515625,267.5199890136719,265.6733093261719,1.163734793663025
clipped_night_MOD11B3.A2013001.h19v03.006.2016155140440.tif,2013-01-01,night,256.1999816894531,262.41998291015625,259.0639953613281,1.5888824462890625
clipped_night_MOD11B3.A2013032.h19v03.006.2016155151434.tif,2013-02-01,night,259.82000732421875,264.55999755859375,262.79144287109375,1.3596552610397339
clipped_night_MOD11B3.A2013060.h19v03.006.2016155164138.tif,2013-03-01,night,264.6399841308594,268.6199951171875,266.9346618652344,1.0895496606826782
clipped_night_MOD11B3.A2013091.h19v03.006.2016156173719.tif,2013-04-01,night,276.97998046875,279.5400085449219,278.1000061035156,0.8965141177177429
clipped_night_MOD11B3.A2013121.h19v03.006.2016158144021.tif,2013-05-01,night,284.6199951171875,289.2599792480469,287.0359802246094,1.2757642269134521
clipped_night_MOD11B3.A2013152.h19v03.006.2016161192646.tif,2013-06-01,night,287.41998291015625,291.29998779296875,288.91864013671875,1.0775867700576782
clipped_night_MOD11B3.A2013182.h19v03.006.2016163120131.tif,2013-07-01,night,288.82000732421875,295.739990234375,291.42132568359375,1.6956779956817627
clipped_night_MOD11B3.A2013213.h19v03.006.2016166211341.tif,2013-08-01,night,286.55999755859375,291.79998779296875,289.16400146484375,1.2227014303207397
clipped_night_MOD11B3.A2013244.h19v03.006.2016167140115.tif,2013-09-01,night,280.05999755859375,283.6000061035156,281.64398193359375,1.012883186340332
clipped_night_MOD11B3.A2013274.h19v03.006.2016173030537.tif,2013-10-01,night,278.0799865722656,280.79998779296875,279.3320007324219,0.8305122256278992
clipped_night_MOD11B3.A2013305.h19v03.006.2016174033415.tif,2013-11-01,night,270.82000732421875,273.3399963378906,271.8106689453125,0.7800126671791077
clipped_night_MOD11B3.A2013335.h19v03.006.2016179210618.tif,2013-12-01,night,270.0199890136719,273.0400085449219,271.5760192871094,0.759899914264679
clipped_night_MOD11B3.A2014001.h19v03.006.2016197160038.tif,2014-01-01,night,263.1600036621094,266.8999938964844,264.83599853515625,1.1684587001800537
clipped_night_MOD11B3.A2014032.h19v03.006.2016197170025.tif,2014-02-01,night,269.8800048828125,272.3999938964844,271.2493591308594,0.6570180654525757
clipped_night_MOD11B3.A2014060.h19v03.006.2016198072800.tif,2014-03-01,night,273.05999755859375,277.0199890136719,275.3092956542969,1.0890684127807617
clipped_night_MOD11B3.A2014091.h19v03.006.2016202203300.tif,2014-04-01,night,277.239990234375,281.3999938964844,279.18133544921875,1.121011734008789
clipped_night_MOD11B3.A2014121.h19v03.006.2016204001015.tif,2014-05-01,night,283.2799987792969,287.5400085449219,285.0199890136719,1.244423508644104
clipped_night_MOD11B3.A2014152.h19v03.006.2016205022036.tif,2014-06-01,night,285.0,290.41998291015625,286.7213134765625,1.259636640548706
clipped_night_MOD11B3.A2014182.h19v03.006.2016209170315.tif,2014-07-01,night,289.1999816894531,293.5799865722656,291.0173034667969,1.466186285018921
clipped_night_MOD11B3.A2014213.h19v03.006.2016209180211.tif,2014-08-01,night,285.4599914550781,290.55999755859375,287.8746337890625,1.1383135318756104
clipped_night_MOD11B3.A2014244.h19v03.006.2016209184019.tif,2014-09-01,night,283.7799987792969,286.97998046875,285.2906494140625,1.038864016532898
clipped_night_MOD11B3.A2014274.h19v03.006.2016209224927.tif,2014-10-01,night,276.8599853515625,280.8599853515625,278.7959899902344,1.0584800243377686
clipped_night_MOD11B3.A2014305.h19v03.006.2016210235035.tif,2014-11-01,night,272.79998779296875,277.3999938964844,274.78399658203125,1.197601556777954
clipped_night_MOD11B3.A2014335.h19v03.006.2016212044327.tif,2014-12-01,night,268.3599853515625,271.32000732421875,269.81732177734375,0.7218109369277954
clipped_night_MOD11B3.A2015001.h19v03.006.2016222155524.tif,2015-01-01,night,266.67999267578125,270.8800048828125,268.83465576171875,1.1122946739196777
clipped_night_MOD11B3.A2015032.h19v03.006.2016222165108.tif,2015-02-01,night,269.0799865722656,270.47998046875,269.98797607421875,0.49113842844963074
clipped_night_MOD11B3.A2015060.h19v03.006.2016222182804.tif,2015-03-01,night,272.1199951171875,274.97998046875,273.82269287109375,0.8533176183700562
clipped_night_MOD11B3.A2015091.h19v03.006.2016222200842.tif,2015-04-01,night,274.91998291015625,278.239990234375,276.8053283691406,1.0003077983856201
clipped_night_MOD11B3.A2015121.h19v03.006.2016222212400.tif,2015-05-01,night,279.67999267578125,283.0400085449219,281.3253173828125,0.9393162131309509
clipped_night_MOD11B3.A2015152.h19v03.006.2016223012854.tif,2015-06-01,night,286.2799987792969,290.3399963378906,287.73065185546875,1.1625226736068726
clipped_night_MOD11B3.A2015182.h19v03.006.2016224002627.tif,2015-07-01,night,288.0199890136719,292.5400085449219,290.3266906738281,1.471865177154541
clipped_night_MOD11B3.A2015213.h19v03.006.2016225180044.tif,2015-08-01,night,290.8599853515625,295.4599914550781,293.48931884765625,1.3470147848129272
clipped_night_MOD11B3.A2015244.h19v03.006.2016227160547.tif,2015-09-01,night,282.05999755859375,285.8599853515625,283.8533630371094,1.1656547784805298
clipped_night_MOD11B3.A2015274.h19v03.006.2016228221315.tif,2015-10-01,night,275.41998291015625,278.6399841308594,276.8946533203125,0.9662472009658813
clipped_night_MOD11B3.A2015305.h19v03.006.2016229174631.tif,2015-11-01,night,272.7200012207031,275.1999816894531,274.4133605957031,0.656888484954834
clipped_night_MOD11B3.A2015335.h19v03.006.2016231003659.tif,2015-12-01,night,271.0199890136719,272.82000732421875,271.8893127441406,0.5545387864112854
clipped_night_MOD11B3.A2016001.h19v03.006.2016234010040.tif,2016-01-01,night,261.1600036621094,265.1000061035156,262.878662109375,0.975362241268158
clipped_night_MOD11B3.A2016032.h19v03.006.2016235154047.tif,2016-02-01,night,265.5,272.8800048828125,270.2533264160156,2.2112796306610107
clipped_night_MOD11B3.A2016061.h19v03.006.2016242144552.tif,2016-03-01,night,270.6600036621094,275.739990234375,273.6853332519531,1.2564996480941772
clipped_night_MOD11B3.A2016092.h19v03.006.2016242154739.tif,2016-04-01,night,277.32000732421875,280.1000061035156,278.8199768066406,0.8494055271148682
clipped_night_MOD11B3.A2016122.h19v03.006.2016242161959.tif,2016-05-01,night,283.1999816894531,288.1199951171875,285.9013366699219,1.3588340282440186
clipped_night_MOD11B3.A2016153.h19v03.006.2016242170652.tif,2016-06-01,night,287.0799865722656,292.239990234375,289.5199890136719,1.5876339673995972
clipped_night_MOD11B3.A2016183.h19v03.006.2016243061110.tif,2016-07-01,night,287.0199890136719,290.9599914550781,288.6146545410156,1.1973434686660767
clipped_night_MOD11B3.A2016214.h19v03.006.2016286174218.tif,2016-08-01,night,286.8999938964844,292.1999816894531,288.74664306640625,1.3243483304977417
clipped_night_MOD11B3.A2016245.h19v03.006.2016275091422.tif,2016-09-01,night,283.7599792480469,287.5,285.4293212890625,1.1693413257598877
clipped_night_MOD11B3.A2016275.h19v03.006.2016306095632.tif,2016-10-01,night,274.9599914550781,277.6000061035156,276.3480224609375,0.819523811340332
clipped_night_MOD11B3.A2016306.h19v03.006.2016340140034.tif,2016-11-01,night,269.7799987792969,272.47998046875,271.47467041015625,0.7021636962890625
clipped_night_MOD11B3.A2016336.h19v03.006.2017001093241.tif,2016-12-01,night,266.3599853515625,269.4599914550781,268.2146911621094,0.8492358326911926
clipped_night_MOD11B3.A2017001.h19v03.006.2017032165359.tif,2017-01-01,night,262.79998779296875,265.6399841308594,264.55999755859375,0.9045383930206299
clipped_night_MOD11B3.A2017032.h19v03.006.2017066133159.tif,2017-02-01,night,265.5199890136719,267.739990234375,266.6573181152344,0.6467496752738953
clipped_night_MOD11B3.A2017060.h19v03.006.2017092183255.tif,2017-03-01,night,271.9599914550781,275.3599853515625,273.8186950683594,1.053797960281372
clipped_night_MOD11B3.A2017091.h19v03.006.2017129125338.tif,2017-04-01,night,276.6000061035156,279.8399963378906,278.2586364746094,0.9380097389221191
clipped_night_MOD11B3.A2017121.h19v03.006.2017152091636.tif,2017-05-01,night,282.6000061035156,286.5400085449219,284.4333190917969,1.0018013715744019
clipped_night_MOD11B3.A2017152.h19v03.006.2017192120539.tif,2017-06-01,night,284.1600036621094,289.32000732421875,286.4599609375,1.3672938346862793
clipped_night_MOD11B3.A2017182.h19v03.006.2017213085026.tif,2017-07-01,night,286.8999938964844,290.8399963378906,288.71466064453125,1.1935033798217773
clipped_night_MOD11B3.A2017213.h19v03.006.2017249230934.tif,2017-08-01,night,288.4599914550781,291.9599914550781,289.9586486816406,1.053314447402954
clipped_night_MOD11B3.A2017244.h19v03.006.2017275194007.tif,2017-09-01,night,283.1000061035156,284.97998046875,284.03863525390625,0.45621201395988464
clipped_night_MOD11B3.A2017274.h19v03.006.2017305190721.tif,2017-10-01,night,279.6399841308594,281.67999267578125,280.6013488769531,0.5369778871536255
clipped_night_MOD11B3.A2017305.h19v03.006.2017335083051.tif,2017-11-01,night,268.0799865722656,275.1000061035156,271.7799987792969,2.0241646766662598
clipped_night_MOD11B3.A2017335.h19v03.006.2018002064316.tif,2017-12-01,night,267.5400085449219,269.2599792480469,268.32135009765625,0.5092957019805908
clipped_night_MOD11B3.A2018001.h19v03.006.2018032090345.tif,2018-01-01,night,265.2799987792969,268.2599792480469,266.6559753417969,0.8277211785316467
clipped_night_MOD11B3.A2018032.h19v03.006.2018060085230.tif,2018-02-01,night,263.1000061035156,265.44000244140625,264.3333435058594,0.6227979063987732
